,GPU/MatMul,GPU/Mul,GPU/RandomUniform,GPU/ResourceApplyAdam,GPU/RealDiv,GPU/SparseSoftmaxCrossEntropyWithLogits,GPU/Sub,GPU/SegmentSum,GPU/Add,GPU/Floor,GPU/Const,GPU/Sum,GPU/Relu,GPU/Pack,GPU/ReluGrad,GPU/ReadVariableOp,GPU/Shape,GPU/BroadcastGradientArgs,GPU/Tile,GPU/Mean,GPU/AddN,GPU/Reshape,GPU/AssignAdd,GPU/GatherV2,GPU/VarHandleOp,GPU/unknown,GPU/NoOp,GPU/Snapshot,GPU/AssignVariableOp,GPU/Unpack,CPU/_Arg,GPU/VariableV2,GPU/MEMCPYHtoD,MEMCPY/MEMCPYHtoD,CPU/_Retval,CPU/NoOp,MEMCPY/Pack,MEMCPY/MEMCPYDtoH,GPU/MEMCPYDtoH
ratio,0.2014433636648886,0.08503294634452463,0.06369626608095387,0.05961719485409476,0.06149984311264512,0.05867587072481958,0.06118606840288673,0.05396925007844368,0.026670850329463446,0.021336680263570756,0.03294634452463131,0.02447442736115469,0.017885158456228428,0.02008158142453718,0.016002510197678066,0.019454032005020397,0.02165045497332915,0.018512707875745216,0.019767806714778787,0.010668340131785378,0.011923438970818953,0.009099466582993411,0.010982114841543772,0.011609664261060559,0.009413241292751805,0.006275494195167869,0.013178537809852526,0.005334170065892689,0.0034515218073423283,0.0028239723878255413,0.006589268904926263,0.0034515218073423283,0.0015688735487919673,0.0015688735487919673,0.0018826482585503608,0.0034515218073423283,0.0009413241292751804,0.0009413241292751804,0.0009413241292751804
ratio,0.21428571428571427,0.09803921568627451,0.06162464985994398,0.06057422969187675,0.0665266106442577,0.0626750700280112,0.03816526610644258,0.027661064425770307,0.029411764705882353,0.028011204481792718,0.0350140056022409,0.02661064425770308,0.02030812324929972,0.0196078431372549,0.02100840336134454,0.02415966386554622,0.01995798319327731,0.014355742296918767,0.011904761904761904,0.012605042016806723,0.012955182072829132,0.014005602240896359,0.0196078431372549,0.011904761904761904,0.012254901960784314,0.0063025210084033615,0.004901960784313725,0.0063025210084033615,0.004901960784313725,0.0024509803921568627,0.0021008403361344537,0.0024509803921568627,0.0017507002801120449,0.0017507002801120449,0.0010504201680672268,0.0007002801120448179,0.0007002801120448179,0.0007002801120448179,0.0007002801120448179
ratio,0.2137037037037037,0.09,0.06333333333333334,0.056666666666666664,0.061481481481481484,0.056296296296296296,0.056296296296296296,0.042222222222222223,0.0337037037037037,0.027037037037037037,0.03148148148148148,0.025925925925925925,0.02074074074074074,0.022962962962962963,0.016666666666666666,0.02666666666666667,0.01888888888888889,0.012592592592592593,0.01,0.01037037037037037,0.01,0.009259259259259259,0.008518518518518519,0.009259259259259259,0.012592592592592593,0.006666666666666667,0.02148148148148148,0.005185185185185185,0.003703703703703704,0.0025925925925925925,0.0025925925925925925,0.0025925925925925925,0.001851851851851852,0.001851851851851852,0.0014814814814814814,0.0011111111111111111,0.0007407407407407407,0.0007407407407407407,0.0007407407407407407
ratio,0.20909090909090908,0.0958041958041958,0.07412587412587412,0.06433566433566433,0.07447552447552448,0.062237762237762236,0.04650349650349651,0.03426573426573427,0.03566433566433566,0.03146853146853147,0.02097902097902098,0.023776223776223775,0.022727272727272728,0.02062937062937063,0.02062937062937063,0.01818181818181818,0.017132867132867134,0.014335664335664336,0.011888111888111888,0.013636363636363636,0.011188811188811189,0.013636363636363636,0.010839160839160839,0.011188811188811189,0.006643356643356644,0.006293706293706294,0.0038461538461538464,0.0034965034965034965,0.006293706293706294,0.003146853146853147,0.002097902097902098,0.0017482517482517483,0.0017482517482517483,0.0017482517482517483,0.001048951048951049,0.001048951048951049,0.0006993006993006993,0.0006993006993006993,0.0006993006993006993
ratio,0.20934959349593496,0.08577235772357723,0.09268292682926829,0.061788617886178863,0.05975609756097561,0.06056910569105691,0.054878048780487805,0.04227642276422764,0.027642276422764227,0.024796747967479674,0.024390243902439025,0.025203252032520326,0.01707317073170732,0.018292682926829267,0.01951219512195122,0.02032520325203252,0.025203252032520326,0.02032520325203252,0.011382113821138212,0.01097560975609756,0.01016260162601626,0.01016260162601626,0.00975609756097561,0.01016260162601626,0.008130081300813009,0.007317073170731708,0.004878048780487805,0.006910569105691057,0.0032520325203252032,0.0024390243902439024,0.002845528455284553,0.0020325203252032522,0.0020325203252032522,0.0020325203252032522,0.0016260162601626016,0.0016260162601626016,0.0008130081300813008,0.0008130081300813008,0.0008130081300813008
ratio,0.24126984126984127,0.09523809523809523,0.0884920634920635,0.060714285714285714,0.05793650793650794,0.05992063492063492,0.046031746031746035,0.034523809523809526,0.03373015873015873,0.027777777777777776,0.02261904761904762,0.020634920634920634,0.023412698412698413,0.021825396825396824,0.018253968253968255,0.01626984126984127,0.013888888888888888,0.013095238095238096,0.011904761904761904,0.014285714285714285,0.009523809523809525,0.009523809523809525,0.009523809523809525,0.00992063492063492,0.00753968253968254,0.006349206349206349,0.0035714285714285713,0.003968253968253968,0.002777777777777778,0.002380952380952381,0.001984126984126984,0.001984126984126984,0.001984126984126984,0.001984126984126984,0.0015873015873015873,0.0011904761904761906,0.0007936507936507937,0.0007936507936507937,0.0007936507936507937
ratio,0.2172386895475819,0.09009360374414976,0.06357254290171607,0.05967238689547582,0.0655226209048362,0.06123244929797192,0.0390015600624025,0.05538221528861154,0.032371294851794075,0.030421216848673948,0.033931357254290175,0.021450858034321372,0.0218408736349454,0.01950078003120125,0.0171606864274571,0.02574102964118565,0.019110764430577222,0.014430577223088924,0.011310452418096724,0.010530421216848674,0.009750390015600624,0.009750390015600624,0.008970358814352574,0.009750390015600624,0.013650546021840874,0.0070202808112324495,0.00546021840873635,0.0062402496099844,0.0035101404056162248,0.002730109204368175,0.00234009360374415,0.002730109204368175,0.0019500780031201249,0.0019500780031201249,0.0015600624024961,0.00078003120124805,0.00078003120124805,0.00078003120124805,0.00078003120124805
ratio,0.20940484937545922,0.08890521675238795,0.08743570903747244,0.06318883174136664,0.06098457016899339,0.07237325495958853,0.055841293166789124,0.0470242468772961,0.024246877296105803,0.021675238795003673,0.027920646583394562,0.022777369581190303,0.014695077149155033,0.02204261572373255,0.01653196179279941,0.01689933872152829,0.015429831006612785,0.014327700220426157,0.013592946362968405,0.012858192505510653,0.009551800146950772,0.018001469507714914,0.009184423218221896,0.011388684790595151,0.0073475385745775165,0.006612784717119765,0.005510653930933138,0.0036737692872887582,0.0029390154298310064,0.0033063923585598823,0.002571638501102131,0.002204261572373255,0.002204261572373255,0.002204261572373255,0.0018368846436443791,0.0007347538574577516,0.0011021307861866275,0.0007347538574577516,0.0007347538574577516
ratio,0.22589753933037515,0.0826946349334409,0.09237595804759983,0.05970149253731343,0.0609116579265833,0.05970149253731343,0.04195240016135539,0.06292860024203308,0.02702702702702703,0.02218636546994756,0.023396530859217425,0.022589753933037516,0.01653892698668818,0.022589753933037516,0.01734570391286809,0.016135538523598225,0.01936264622831787,0.01734570391286809,0.011698265429608713,0.010488100040338847,0.010488100040338847,0.009681323114158934,0.014925373134328358,0.009681323114158934,0.007664380798709157,0.007260992335619202,0.0052440500201694235,0.003630496167809601,0.003630496167809601,0.0024203307785397336,0.002016942315449778,0.0024203307785397336,0.0016135538523598225,0.0016135538523598225,0.0016135538523598225,0.0008067769261799112,0.0008067769261799112,0.0008067769261799112,0.0008067769261799112
ratio,0.22118742724097787,0.08575863407062476,0.09041521148622429,0.060147458284827315,0.0613116026387272,0.05587892898719441,0.05044625533566162,0.03919285991462942,0.03570042685292976,0.03570042685292976,0.02483507954986418,0.020566550252231277,0.016686069072564997,0.01823826154443151,0.027939464493597205,0.01979045401629802,0.01435778036476523,0.013193636010865347,0.011253395421032208,0.010089251067132324,0.009701202949165696,0.00892510671323244,0.009701202949165696,0.009313154831199068,0.011253395421032208,0.006984866123399301,0.007372914241365929,0.004268529297632906,0.0031043849437330227,0.002328288707799767,0.002716336825766395,0.002328288707799767,0.002328288707799767,0.002328288707799767,0.0011641443538998836,0.0011641443538998836,0.0007760962359332557,0.0007760962359332557,0.0007760962359332557
ratio,0.21783339851388345,0.08877590926867422,0.1020727414939382,0.06531091122409073,0.05866249511145874,0.05944466171294486,0.05240516229956981,0.04810324599139617,0.026202581149784906,0.028549080954243255,0.024247164646069613,0.021509581540868204,0.016425498631208447,0.019554165037152915,0.01759874853343762,0.015252248728979272,0.016034415330465387,0.01329683222526398,0.010950332420805632,0.01329683222526398,0.010168165819319515,0.009385999217833398,0.009777082518576457,0.009777082518576457,0.008212749315604223,0.007039499413375049,0.005475166210402816,0.003910833007430583,0.003128666405944466,0.0023464998044583495,0.0035197497066875244,0.0019554165037152915,0.0023464998044583495,0.0023464998044583495,0.0007821666014861165,0.001564333202972233,0.0011732499022291747,0.0007821666014861165,0.0007821666014861165
ratio,0.2268370607028754,0.08910188143414981,0.07525736599219027,0.06886758963436279,0.058927937522186724,0.05679801206957757,0.05218317358892439,0.04934327298544551,0.0308839190628328,0.03585374511892084,0.023784167554135604,0.020944266950656727,0.01597444089456869,0.01774937877174299,0.01632942847000355,0.01526446574369897,0.01632942847000355,0.01526446574369897,0.011714589989350373,0.010294639687610933,0.011714589989350373,0.011004614838480652,0.009939652112176074,0.008874689385871494,0.0067447639332623354,0.006389776357827476,0.01597444089456869,0.003549875754348598,0.003194888178913738,0.0024849130280440185,0.0024849130280440185,0.002129925452609159,0.001774937877174299,0.001774937877174299,0.0010649627263045794,0.0010649627263045794,0.0007099751508697196,0.0007099751508697196,0.0007099751508697196
ratio,0.21425694724124045,0.09182440596053161,0.08417237213048731,0.060410793395086586,0.060410793395086586,0.06161900926298832,0.05799436165928312,0.03302456705598067,0.02617801047120419,0.023358840112766815,0.026580749093838098,0.022150624244865084,0.018123238018525976,0.018123238018525976,0.01852597664115989,0.016915022150624244,0.01449859041482078,0.013290374546919049,0.012484897301651228,0.01973419250906162,0.012082158679017317,0.010471204188481676,0.009665726943213854,0.009665726943213854,0.008860249697946033,0.00724929520741039,0.02174788562223117,0.004430124848973017,0.003221908981071285,0.003221908981071285,0.002819170358437374,0.002819170358437374,0.0024164317358034634,0.0024164317358034634,0.0012082158679017317,0.0016109544905356424,0.0008054772452678212,0.0008054772452678212,0.0008054772452678212
ratio,0.22396461600321674,0.08765581021310816,0.08242862887012464,0.059911540008041816,0.0671491757137113,0.06272617611580217,0.05186972255729795,0.03417772416566144,0.02814636107760354,0.02332127060715722,0.02372336147969441,0.022114997989545637,0.01769199839163651,0.020908725371934056,0.017289907519099316,0.017289907519099316,0.020908725371934056,0.013671089666264576,0.011258544431041415,0.01166063530357861,0.010856453558504222,0.009650180940892641,0.013671089666264576,0.010454362685967028,0.007639726578206675,0.007237635705669481,0.02010454362685967,0.0036188178528347406,0.003216726980297547,0.0024125452352231603,0.0024125452352231603,0.0024125452352231603,0.002010454362685967,0.002010454362685967,0.0012062726176115801,0.0008041817450743868,0.0008041817450743868,0.0008041817450743868,0.0008041817450743868
ratio,0.2284465633690902,0.09217322208978942,0.06833531982518871,0.06436233611442194,0.06197854588796186,0.061183949145808506,0.04052443384982122,0.03655145013905443,0.04251092570520461,0.03734604688120779,0.029797377830750895,0.021056813667063964,0.025029797377830752,0.018275725069527213,0.017878426698450536,0.0166865315852205,0.014700039729837107,0.013905442987683751,0.011918951132300357,0.010727056019070322,0.010727056019070322,0.010727056019070322,0.009137862534763607,0.010329757647993643,0.009535160905840286,0.007151370679380214,0.003575685339690107,0.004370282081843465,0.0031783869686134287,0.0023837902264600714,0.0023837902264600714,0.0027810885975367503,0.0027810885975367503,0.0027810885975367503,0.0011918951132300357,0.0011918951132300357,0.0007945967421533572,0.0007945967421533572,0.0007945967421533572
ratio,0.22528830313014828,0.09266886326194398,0.08072487644151564,0.06301482701812192,0.060955518945634266,0.06260296540362438,0.04612850082372323,0.036243822075782535,0.025947281713344317,0.03130148270181219,0.023476112026359144,0.0214168039538715,0.016474464579901153,0.019357495881383854,0.018945634266886325,0.0214168039538715,0.015650741350906095,0.014415156507413509,0.011532125205930808,0.011532125205930808,0.01070840197693575,0.01400329489291598,0.011120263591433279,0.01029654036243822,0.008649093904448105,0.007413509060955519,0.004118616144975288,0.004530477759472817,0.012767710049423394,0.002471169686985173,0.002883031301482702,0.002059308072487644,0.002059308072487644,0.002059308072487644,0.0012355848434925864,0.0016474464579901153,0.0012355848434925864,0.0008237232289950577,0.0008237232289950577
ratio,0.24572127139364303,0.08638956805215973,0.09657701711491443,0.061124694376528114,0.061124694376528114,0.05990220048899755,0.04523227383863081,0.037082314588427055,0.02730236348818256,0.023634881825590873,0.024857375713121434,0.02078239608801956,0.016299918500407497,0.017929910350448247,0.018337408312958436,0.01589242053789731,0.014669926650366748,0.016299918500407497,0.011409942950285249,0.011817440912795437,0.011409942950285249,0.009372453137734311,0.013854930725346373,0.009779951100244499,0.007742461287693562,0.007334963325183374,0.004074979625101874,0.004482477587612062,0.0032599837000814994,0.0024449877750611247,0.0028524857375713123,0.002037489812550937,0.0016299918500407497,0.0016299918500407497,0.0016299918500407497,0.0016299918500407497,0.0008149959250203749,0.0008149959250203749,0.0008149959250203749
ratio,0.23023064250411862,0.08813838550247118,0.06054365733113674,0.06754530477759473,0.05971993410214168,0.05889621087314662,0.05024711696869852,0.047775947281713346,0.027182866556836903,0.023476112026359144,0.025535420098846788,0.022240527182866558,0.022652388797364087,0.018533772652388796,0.018533772652388796,0.016474464579901153,0.015650741350906095,0.016474464579901153,0.011943986820428337,0.01029654036243822,0.016062602965403624,0.01029654036243822,0.009060955518945634,0.009884678747940691,0.007825370675453048,0.007413509060955519,0.024299835255354202,0.004530477759472817,0.0032948929159802307,0.002471169686985173,0.0016474464579901153,0.002471169686985173,0.002059308072487644,0.002059308072487644,0.0008237232289950577,0.0008237232289950577,0.0012355848434925864,0.0008237232289950577,0.0008237232289950577
ratio,0.2328150572831424,0.09247135842880523,0.06587561374795417,0.060556464811783964,0.062193126022913256,0.05851063829787234,0.04132569558101473,0.04869067103109656,0.031914893617021274,0.03887070376432079,0.02414075286415712,0.02127659574468085,0.018821603927986905,0.019230769230769232,0.01800327332242226,0.015548281505728314,0.015548281505728314,0.026595744680851064,0.011456628477905073,0.011456628477905073,0.009819967266775777,0.009819967266775777,0.00900163666121113,0.009819967266775777,0.00900163666121113,0.007364975450081833,0.0057283142389525366,0.004091653027823241,0.0032733224222585926,0.0024549918166939444,0.0024549918166939444,0.0024549918166939444,0.0020458265139116204,0.0020458265139116204,0.0016366612111292963,0.0012274959083469722,0.0008183306055646482,0.0008183306055646482,0.0008183306055646482
ratio,0.22867892976588627,0.09197324414715718,0.07107023411371237,0.06479933110367893,0.07065217391304347,0.06270903010033445,0.042642140468227424,0.041387959866220736,0.030936454849498328,0.03260869565217391,0.02508361204013378,0.021321070234113712,0.023829431438127092,0.018812709030100336,0.01797658862876254,0.01588628762541806,0.015468227424749164,0.013795986622073578,0.011705685618729096,0.010869565217391304,0.011705685618729096,0.010451505016722408,0.010033444816053512,0.010451505016722408,0.00919732441471572,0.007525083612040134,0.004180602006688963,0.004180602006688963,0.0033444816053511705,0.002508361204013378,0.002926421404682274,0.002508361204013378,0.0016722408026755853,0.0016722408026755853,0.001254180602006689,0.001254180602006689,0.001254180602006689,0.0008361204013377926,0.0008361204013377926
ratio,0.22524028416213956,0.09277058086084412,0.08023401587964897,0.0710405348934392,0.060593397409109906,0.06393648140409527,0.04471374843292938,0.0442958629335562,0.03134141245298788,0.023401587964897618,0.02423735896364396,0.022983702465524447,0.01713330547430004,0.01838696197241956,0.01880484747179273,0.01671541997492687,0.015879648976180525,0.01713330547430004,0.015879648976180525,0.011282908483075638,0.010029251984956121,0.010029251984956121,0.010447137484329294,0.010029251984956121,0.008775595486836606,0.006686167989970748,0.00459674049310489,0.004178854993731718,0.0037609694943585457,0.0029251984956122023,0.002089427496865859,0.002089427496865859,0.002089427496865859,0.002089427496865859,0.0008357709987463436,0.0008357709987463436,0.0008357709987463436,0.0008357709987463436,0.0008357709987463436
ratio,0.2111587982832618,0.09527896995708154,0.08197424892703863,0.0703862660944206,0.0648068669527897,0.0648068669527897,0.04463519313304721,0.04034334763948498,0.027896995708154508,0.026609442060085836,0.02575107296137339,0.02188841201716738,0.025321888412017168,0.019313304721030045,0.01888412017167382,0.017167381974248927,0.015021459227467811,0.014592274678111588,0.01630901287553648,0.011158798283261802,0.010300429184549357,0.01072961373390558,0.010300429184549357,0.01072961373390558,0.00815450643776824,0.007725321888412017,0.005150214592274678,0.0038626609442060085,0.0030042918454935624,0.002575107296137339,0.0017167381974248926,0.002575107296137339,0.002575107296137339,0.002575107296137339,0.0012875536480686696,0.0008583690987124463,0.0008583690987124463,0.0008583690987124463,0.0008583690987124463
ratio,0.24903025601241272,0.08805275407292475,0.07990690457719161,0.061675717610550816,0.05896043444530644,0.05857253685027153,0.047323506594259115,0.04072924747866563,0.03374709076803724,0.03801396431342126,0.022885958107059737,0.02017067494181536,0.023273855702094646,0.017455391776570985,0.016679596586501165,0.015128006206361521,0.014352211016291699,0.012024825446082235,0.010861132660977503,0.009697439875872769,0.010861132660977503,0.01008533747090768,0.009697439875872769,0.009309542280837859,0.008145849495733127,0.0069821567106283944,0.003878975950349108,0.003878975950349108,0.0031031807602792862,0.0027152831652443757,0.0023273855702094647,0.001939487975174554,0.001939487975174554,0.001939487975174554,0.0011636927851047323,0.0011636927851047323,0.0007757951900698216,0.0007757951900698216,0.0007757951900698216
ratio,0.2174076865109269,0.08553127354935945,0.09269027882441598,0.05651846269781462,0.06217030896759608,0.05651846269781462,0.050489826676714394,0.03541823662396383,0.04031650339110776,0.038055764883195176,0.02185380557648832,0.019969856819894497,0.025244913338357197,0.01733232856066315,0.016578749058025623,0.0146948003014318,0.03730218538055765,0.01544837980406933,0.010550113036925395,0.009796533534287867,0.010550113036925395,0.008289374529012811,0.008666164280331574,0.009419743782969104,0.00640542577241899,0.006782215523737754,0.003391107761868877,0.0037678975131876413,0.0026375282592313487,0.002260738507912585,0.002260738507912585,0.0018839487565938207,0.0018839487565938207,0.0018839487565938207,0.0018839487565938207,0.0011303692539562924,0.0015071590052750565,0.0007535795026375283,0.0007535795026375283
ratio,0.21833897031191282,0.08981585869973695,0.08079669297256671,0.0552423900789177,0.06313416009019165,0.06050357008643367,0.0552423900789177,0.03795565576850808,0.04321683577602405,0.038331454340473504,0.02705749718151071,0.018789928598271326,0.024051108605787297,0.016535137166478767,0.017662532882375046,0.01503194287861706,0.015407741450582487,0.018789928598271326,0.010898158586997369,0.010522360015031942,0.009394964299135663,0.009019165727170236,0.009394964299135663,0.00977076287110109,0.008267568583239383,0.006764374295377677,0.004885381435550545,0.004133784291619692,0.0033821871476888386,0.002254791431792559,0.0026305900037579856,0.002254791431792559,0.002254791431792559,0.002254791431792559,0.0018789928598271326,0.001503194287861706,0.0011273957158962795,0.000751597143930853,0.000751597143930853
ratio,0.24081313526192338,0.09343236903831117,0.08717748240813135,0.05942142298670837,0.05746677091477717,0.05707584050039093,0.0418295543393276,0.03831118060985145,0.04222048475371384,0.02619233776387803,0.023455824863174355,0.020328381548084442,0.022673964034401875,0.017591868647380767,0.018764659890539485,0.01563721657544957,0.014073494917904612,0.017591868647380767,0.011727912431587178,0.0109460516028147,0.009773260359655981,0.009382329945269743,0.009382329945269743,0.01055512118842846,0.008600469116497263,0.007036747458952306,0.005863956215793589,0.004691164972634871,0.002736512900703675,0.0023455824863174357,0.0023455824863174357,0.001954652071931196,0.001954652071931196,0.001954652071931196,0.0011727912431587178,0.0011727912431587178,0.0007818608287724785,0.0007818608287724785,0.0007818608287724785
ratio,0.23423076923076924,0.08961538461538461,0.08346153846153846,0.05884615384615385,0.05653846153846154,0.05884615384615385,0.04692307692307692,0.04,0.038461538461538464,0.031153846153846153,0.022692307692307692,0.02076923076923077,0.021923076923076924,0.019230769230769232,0.018076923076923077,0.015384615384615385,0.016153846153846154,0.013846153846153847,0.011153846153846153,0.010384615384615384,0.009615384615384616,0.01,0.009615384615384616,0.009230769230769232,0.007307692307692308,0.006923076923076923,0.016923076923076923,0.0038461538461538464,0.003076923076923077,0.002307692307692308,0.0019230769230769232,0.002307692307692308,0.002307692307692308,0.002307692307692308,0.001153846153846154,0.0007692307692307692,0.001153846153846154,0.0007692307692307692,0.0007692307692307692
ratio,0.23950103950103951,0.09106029106029107,0.06403326403326404,0.06278586278586279,0.06153846153846154,0.06153846153846154,0.04365904365904366,0.03783783783783784,0.04074844074844075,0.03783783783783784,0.024532224532224534,0.020374220374220375,0.02494802494802495,0.01995841995841996,0.01787941787941788,0.016216216216216217,0.015384615384615385,0.013721413721413722,0.011642411642411643,0.010810810810810811,0.011226611226611227,0.009563409563409564,0.009563409563409564,0.010395010395010396,0.009147609147609148,0.007484407484407485,0.004158004158004158,0.004158004158004158,0.0029106029106029108,0.002494802494802495,0.002079002079002079,0.002494802494802495,0.0016632016632016633,0.0016632016632016633,0.0008316008316008316,0.0008316008316008316,0.0008316008316008316,0.0012474012474012475,0.0012474012474012475
ratio,0.23594548551959113,0.09497444633730835,0.0762350936967632,0.06260647359454855,0.06260647359454855,0.06303236797274275,0.0434412265758092,0.036626916524701875,0.028109028960817718,0.02512776831345826,0.02555366269165247,0.02129471890971039,0.017035775127768313,0.019165247018739354,0.018313458262350937,0.01746166950596252,0.014480408858603067,0.020868824531516183,0.01192504258943782,0.011073253833049404,0.011073253833049404,0.009369676320272573,0.009795570698466781,0.010647359454855196,0.008943781942078365,0.0068143100511073255,0.014480408858603067,0.0038330494037478705,0.0038330494037478705,0.002555366269165247,0.002129471890971039,0.002129471890971039,0.002129471890971039,0.002129471890971039,0.0012776831345826234,0.00042589437819420784,0.0008517887563884157,0.0008517887563884157,0.0008517887563884157
ratio,0.22459436379163109,0.0888129803586678,0.07045260461144322,0.06447480785653288,0.06618274978650726,0.06532877882152006,0.05081127241673783,0.0444064901793339,0.029035012809564473,0.024765157984628524,0.02433817250213493,0.024765157984628524,0.017933390264730998,0.027327070879590094,0.018787361229718188,0.016225448334756618,0.016225448334756618,0.014090520922288642,0.011955593509820665,0.011101622544833475,0.01067463706233988,0.011101622544833475,0.009393680614859094,0.01067463706233988,0.007685738684884714,0.007685738684884714,0.007685738684884714,0.004269854824935952,0.0029888983774551663,0.0025619128949615714,0.002134927412467976,0.0025619128949615714,0.002134927412467976,0.002134927412467976,0.0012809564474807857,0.0008539709649871904,0.0008539709649871904,0.0008539709649871904,0.0008539709649871904
ratio,0.22950819672131148,0.09180327868852459,0.0610655737704918,0.06393442622950819,0.06270491803278688,0.0610655737704918,0.04959016393442623,0.03770491803278689,0.03647540983606557,0.03647540983606557,0.022540983606557378,0.03401639344262295,0.023770491803278688,0.018442622950819672,0.01721311475409836,0.015163934426229509,0.015163934426229509,0.011885245901639344,0.011885245901639344,0.010655737704918032,0.010655737704918032,0.010655737704918032,0.009426229508196722,0.009836065573770493,0.00819672131147541,0.006557377049180328,0.010655737704918032,0.004098360655737705,0.0036885245901639345,0.0028688524590163933,0.0020491803278688526,0.001639344262295082,0.0020491803278688526,0.0020491803278688526,0.000819672131147541,0.0012295081967213116,0.000819672131147541,0.000819672131147541,0.000819672131147541
ratio,0.24638877424680147,0.09616178291374329,0.06066859265373504,0.0610813041683863,0.06190672719768882,0.06314486174164259,0.03962030540652084,0.04952538175815105,0.03549319026000825,0.03755674783326455,0.024349979364424266,0.01981015270326042,0.02311184482047049,0.018159306644655385,0.017746595130004126,0.015683037556747832,0.014444903012794058,0.012794056954189021,0.011968633924886504,0.011143210895583986,0.010317787866281469,0.010317787866281469,0.009079653322327692,0.009492364836978951,0.006603384234420141,0.007428807263722658,0.003714403631861329,0.004127115146512587,0.002888980602558811,0.002888980602558811,0.0020635575732562937,0.0020635575732562937,0.0016508460586050352,0.0016508460586050352,0.0012381345439537762,0.0012381345439537762,0.0008254230293025176,0.0008254230293025176,0.0008254230293025176
ratio,0.24097884695147243,0.09332227291580257,0.07009539610120281,0.06262961426793862,0.06014102032351721,0.06345914558274575,0.048942347573620905,0.03898797179593529,0.030692658647863958,0.02986312733305682,0.024471173786810452,0.02364164247200332,0.024471173786810452,0.01907922024056408,0.01907922024056408,0.016175860638739114,0.015761094981335544,0.014102032351721278,0.012028204064703443,0.010369141435089175,0.010369141435089175,0.009954375777685608,0.010369141435089175,0.009954375777685608,0.008710078805474907,0.007465781833264205,0.0037328909166321027,0.0037328909166321027,0.002903359601824969,0.002903359601824969,0.002073828287017835,0.002073828287017835,0.001244296972210701,0.001244296972210701,0.001244296972210701,0.0008295313148071339,0.001244296972210701,0.0008295313148071339,0.0008295313148071339
ratio,0.23558118899733807,0.09582963620230701,0.059006211180124224,0.06433007985803017,0.06610470275066549,0.06610470275066549,0.051907719609582965,0.034161490683229816,0.02839396628216504,0.030612244897959183,0.02883762200532387,0.02129547471162378,0.01730257320319432,0.02040816326530612,0.01774622892635315,0.019520851818988466,0.015084294587400177,0.013309671694764862,0.012866015971606033,0.011535048802129548,0.011091393078970719,0.01064773735581189,0.011535048802129548,0.011091393078970719,0.007985803016858917,0.007985803016858917,0.003992901508429458,0.0044365572315882874,0.00354924578527063,0.0026619343389529724,0.0022182786157941437,0.0022182786157941437,0.0022182786157941437,0.0022182786157941437,0.0013309671694764862,0.0013309671694764862,0.001774622892635315,0.0008873114463176575,0.0008873114463176575
ratio,0.22415940224159403,0.09339975093399751,0.08426733084267331,0.06102117061021171,0.06434205064342051,0.058115400581154004,0.062266500622665005,0.038190120381901206,0.027812370278123704,0.023661270236612703,0.023661270236612703,0.030303030303030304,0.017434620174346202,0.0178497301784973,0.016604400166044003,0.016604400166044003,0.0157741801577418,0.012453300124533,0.011623080116230802,0.014113740141137402,0.011623080116230802,0.009547530095475302,0.0091324200913242,0.009962640099626401,0.008717310087173101,0.007471980074719801,0.0049813200498132005,0.0049813200498132005,0.0033208800332088003,0.0024906600249066002,0.0020755500207555004,0.0020755500207555004,0.0024906600249066002,0.0024906600249066002,0.0012453300124533001,0.0008302200083022001,0.0012453300124533001,0.0008302200083022001,0.0008302200083022001
ratio,0.2160337552742616,0.1,0.0459915611814346,0.06329113924050633,0.06624472573839663,0.0670886075949367,0.05485232067510549,0.038818565400843885,0.043459915611814344,0.03670886075949367,0.025738396624472575,0.022362869198312235,0.026160337552742614,0.0189873417721519,0.018143459915611813,0.015611814345991562,0.015611814345991562,0.014767932489451477,0.012236286919831224,0.01139240506329114,0.010548523206751054,0.009282700421940928,0.009704641350210971,0.010126582278481013,0.01139240506329114,0.007594936708860759,0.0037974683544303796,0.004219409282700422,0.002953586497890295,0.002531645569620253,0.002109704641350211,0.002109704641350211,0.002531645569620253,0.002531645569620253,0.0012658227848101266,0.0012658227848101266,0.0008438818565400844,0.0008438818565400844,0.0008438818565400844
ratio,0.22991347342398022,0.09435517099299547,0.08817470127729707,0.0634528224145035,0.0630407911001236,0.06221672847136382,0.04491141326740832,0.03543469303667079,0.028018129377832716,0.025133910177173466,0.023897816234033788,0.02266172229089411,0.015657189946435928,0.018953440461475072,0.018541409147095178,0.018541409147095178,0.015245158632056036,0.01277297074577668,0.014009064688916358,0.015657189946435928,0.010300782859497322,0.014009064688916358,0.010300782859497322,0.011536876802637,0.008240626287597858,0.007416563658838072,0.004944375772558714,0.003708281829419036,0.004532344458178822,0.0020601565718994645,0.002472187886279357,0.0020601565718994645,0.0012360939431396785,0.0012360939431396785,0.0016481252575195715,0.0012360939431396785,0.0008240626287597857,0.0008240626287597857,0.0008240626287597857
ratio,0.20409391932570742,0.07766405779650813,0.10836845273931367,0.058699578567128236,0.057495484647802526,0.059903672486453945,0.055087296809151115,0.049969897652016856,0.025586995785671283,0.01836243226971704,0.028597230583985552,0.023178807947019868,0.012642986152919929,0.02588801926550271,0.018964479229379893,0.022877784467188442,0.015954244431065624,0.01836243226971704,0.011137868753762794,0.012341962673088501,0.014148103552077062,0.010234798314268514,0.01053582179409994,0.008729680915111379,0.010234798314268514,0.005418422636965683,0.006923540036122818,0.005418422636965683,0.004515352197471403,0.0030102347983142685,0.0039133052378085495,0.0027092113184828417,0.0012040939193257074,0.0012040939193257074,0.0027092113184828417,0.001806140878988561,0.0009030704394942806,0.0006020469596628537,0.0006020469596628537
ratio,0.21687170474516695,0.08260105448154657,0.10087873462214411,0.06748681898066784,0.05483304042179262,0.062214411247803164,0.05026362038664323,0.0383128295254833,0.024956063268892794,0.028822495606326888,0.02952548330404218,0.02179261862917399,0.015817223198594025,0.017223198594024606,0.01757469244288225,0.018629173989455183,0.01687170474516696,0.014411247803163444,0.013005272407732865,0.010896309314586995,0.014411247803163444,0.010193321616871705,0.010193321616871705,0.010896309314586995,0.01054481546572935,0.00632688927943761,0.007029876977152899,0.00492091388400703,0.003866432337434095,0.003163444639718805,0.003866432337434095,0.002460456942003515,0.00210896309314587,0.00210896309314587,0.00140597539543058,0.00140597539543058,0.00070298769771529,0.00070298769771529,0.00070298769771529
ratio,0.22770123277737492,0.08883248730964467,0.0873821609862219,0.06055112400290065,0.0583756345177665,0.06272661348803481,0.043509789702683106,0.03517041334300217,0.03517041334300217,0.030819434372733864,0.027918781725888325,0.023567802755620013,0.015228426395939087,0.01849166062364032,0.017766497461928935,0.018129079042784626,0.018129079042784626,0.015228426395939087,0.013778100072516316,0.011602610587382161,0.012690355329949238,0.01015228426395939,0.009789702683103698,0.011240029006526469,0.009064539521392313,0.006526468455402465,0.004713560551124003,0.00435097897026831,0.00435097897026831,0.0032632342277012327,0.0029006526468455403,0.0029006526468455403,0.0018129079042784628,0.0018129079042784628,0.0010877447425670776,0.0010877447425670776,0.0007251631617113851,0.0007251631617113851,0.0007251631617113851
ratio,0.22459499263622976,0.08394698085419734,0.09204712812960236,0.05891016200294551,0.05559646539027982,0.060751104565537555,0.042709867452135494,0.036818851251840944,0.03755522827687776,0.03460972017673049,0.02687776141384389,0.02540500736377025,0.024300441826215022,0.020986745213549336,0.017673048600883652,0.015832106038291605,0.015832106038291605,0.013622974963181149,0.01288659793814433,0.011045655375552283,0.011782032400589101,0.009572901325478646,0.009572901325478646,0.010677466863033874,0.008836524300441826,0.0066273932253313695,0.005154639175257732,0.004418262150220913,0.003681885125184094,0.0029455081001472753,0.002577319587628866,0.002577319587628866,0.0022091310751104565,0.0022091310751104565,0.0011045655375552283,0.0014727540500736377,0.0011045655375552283,0.0007363770250368188,0.0007363770250368188
ratio,0.22814982973893302,0.08967082860385925,0.07340143776012108,0.060158910329171394,0.05902383654937571,0.0681044267877412,0.05297010972379872,0.03821415058645478,0.03745743473325766,0.02648505486189936,0.028755202421490732,0.02043132803632236,0.02080968596292092,0.018161180476730987,0.0170261066969353,0.01664774877033674,0.016269390843738175,0.01324252743094968,0.012864169504351116,0.011350737797956867,0.011350737797956867,0.01021566401816118,0.010594021944759743,0.010594021944759743,0.009080590238365494,0.00681044267877412,0.007567158531971245,0.004918653045781309,0.00340522133938706,0.003026863412788498,0.0022701475595913734,0.0026485054861899358,0.001513431706394249,0.001513431706394249,0.0011350737797956867,0.0011350737797956867,0.001513431706394249,0.0007567158531971245,0.0007567158531971245
ratio,0.24722662440570523,0.0875594294770206,0.06537242472266244,0.061806656101426306,0.0598256735340729,0.06339144215530904,0.043581616481774964,0.03922345483359747,0.03169572107765452,0.028922345483359747,0.030110935023771792,0.022187004754358162,0.021394611727416798,0.01862123613312203,0.01862123613312203,0.01624405705229794,0.01624405705229794,0.01584786053882726,0.011885895404120444,0.011885895404120444,0.010697305863708399,0.010301109350237718,0.009904912836767036,0.010301109350237718,0.009112519809825673,0.0071315372424722665,0.003961965134706815,0.004754358161648178,0.0035657686212361333,0.0027733755942947703,0.0019809825673534074,0.005150554675118859,0.0019809825673534074,0.0019809825673534074,0.0011885895404120444,0.000792393026941363,0.0011885895404120444,0.000792393026941363,0.000792393026941363
ratio,0.22204536410664544,0.08794269797055312,0.10187027457222443,0.06247512932749701,0.06128133704735376,0.060883406287306006,0.05212892956625547,0.043374452845204935,0.026661360923199363,0.024273776362912853,0.02347791484281735,0.021886191802626343,0.016713091922005572,0.01910067648229208,0.01830481496219658,0.017111022682053324,0.01591723040191007,0.013131715081575806,0.01193792280143255,0.01591723040191007,0.009948269001193792,0.009948269001193792,0.010346199761241544,0.00915240748109829,0.008356545961002786,0.00716275368085953,0.005173099880620772,0.003979307600477517,0.0031834460803820135,0.002785515320334262,0.00238758456028651,0.0019896538002387586,0.0019896538002387586,0.0019896538002387586,0.0007958615200955034,0.0015917230401910067,0.001193792280143255,0.0007958615200955034,0.0007958615200955034
ratio,0.24980299448384555,0.09022852639873917,0.07407407407407407,0.061465721040189124,0.06107171000788022,0.05988967691095351,0.04018912529550828,0.038613081166272656,0.030732860520094562,0.027580772261623327,0.02442868400315209,0.02127659574468085,0.022458628841607566,0.01773049645390071,0.017336485421591805,0.0169424743892829,0.015366430260047281,0.02127659574468085,0.01182033096926714,0.010638297872340425,0.01103230890464933,0.012214342001576044,0.009850275807722617,0.01024428684003152,0.009062253743104806,0.006304176516942475,0.004334121355397951,0.004334121355397951,0.0027580772261623326,0.002364066193853428,0.002364066193853428,0.002364066193853428,0.002364066193853428,0.002364066193853428,0.001182033096926714,0.001182033096926714,0.001182033096926714,0.0007880220646178094,0.0007880220646178094
ratio,0.24980635166537568,0.08985282726568551,0.0627420604182804,0.05770720371804802,0.06003098373353989,0.05848179705654531,0.05151045701006971,0.037955073586367155,0.04144074360960496,0.027498063516653758,0.026336173508907823,0.020914020139426802,0.020526723470178157,0.01820294345468629,0.022075910147172733,0.016266460108443067,0.015104570100697134,0.012780790085205267,0.010069713400464756,0.010069713400464756,0.010457010069713401,0.009682416731216111,0.009295120061967466,0.009295120061967466,0.008520526723470178,0.006971340046475601,0.01471727343144849,0.0038729666924864447,0.003098373353989156,0.0023237800154918666,0.0019364833462432224,0.0023237800154918666,0.001549186676994578,0.001549186676994578,0.0011618900077459333,0.000774593338497289,0.001549186676994578,0.000774593338497289,0.000774593338497289
ratio,0.24637096774193548,0.08709677419354839,0.08024193548387097,0.059274193548387095,0.05846774193548387,0.06088709677419355,0.04596774193548387,0.04112903225806452,0.04032258064516129,0.02661290322580645,0.028629032258064516,0.020161290322580645,0.02217741935483871,0.018145161290322582,0.01975806451612903,0.01532258064516129,0.014919354838709677,0.012903225806451613,0.01129032258064516,0.010483870967741936,0.01129032258064516,0.00967741935483871,0.009274193548387096,0.009274193548387096,0.008064516129032258,0.0064516129032258064,0.004435483870967742,0.004032258064516129,0.0032258064516129032,0.0024193548387096775,0.0016129032258064516,0.0020161290322580645,0.0020161290322580645,0.0020161290322580645,0.0008064516129032258,0.0008064516129032258,0.0008064516129032258,0.0008064516129032258,0.0008064516129032258
ratio,0.23445974134334585,0.09553608677513559,0.06341259908218606,0.0621610346266166,0.06090947017104714,0.06382978723404255,0.06090947017104714,0.03879849812265332,0.02753441802252816,0.024614100959532748,0.024196912807676264,0.020442219440967878,0.017521902377972465,0.019190654985398414,0.01877346683354193,0.017521902377972465,0.015853149770546516,0.013350020859407593,0.012098456403838132,0.011264080100125156,0.010429703796412181,0.010012515644555695,0.010012515644555695,0.01084689194826867,0.00917813934084272,0.007509386733416771,0.012932832707551106,0.00458906967042136,0.003337505214851898,0.002920317062995411,0.0025031289111389237,0.0020859407592824365,0.002920317062995411,0.002920317062995411,0.0012515644555694619,0.0012515644555694619,0.0012515644555694619,0.0008343763037129745,0.0008343763037129745
ratio,0.22073434125269978,0.09546436285097193,0.07991360691144708,0.06479481641468683,0.06220302375809935,0.06393088552915767,0.0449244060475162,0.03974082073434125,0.03758099352051836,0.025053995680345574,0.023758099352051837,0.022030237580993522,0.01900647948164147,0.019438444924406047,0.01900647948164147,0.018574514038876888,0.017278617710583154,0.014254859611231102,0.012095032397408207,0.01123110151187905,0.01123110151187905,0.010367170626349892,0.010367170626349892,0.01079913606911447,0.008207343412526998,0.007775377969762419,0.0038876889848812094,0.004751619870410367,0.0034557235421166306,0.002591792656587473,0.002591792656587473,0.002591792656587473,0.002591792656587473,0.002591792656587473,0.0012958963282937365,0.0012958963282937365,0.0008639308855291577,0.0008639308855291577,0.0008639308855291577
ratio,0.22079937912301126,0.09157935584012418,0.07993791230112533,0.05859526581296081,0.06053550640279395,0.06325184322856034,0.042297244858362434,0.03414823438106325,0.047729918509895226,0.030267753201396973,0.022506790842064417,0.026387272021730693,0.023282887077997673,0.01785021342646488,0.02017850213426465,0.014745828482731859,0.015521924718665115,0.01435778036476523,0.011641443538998836,0.011253395421032208,0.010089251067132324,0.017462165308498253,0.011641443538998836,0.009701202949165696,0.007760962359332557,0.006984866123399301,0.0034924330616996507,0.004268529297632906,0.002716336825766395,0.0038804811796662787,0.002328288707799767,0.0034924330616996507,0.002328288707799767,0.002328288707799767,0.0007760962359332557,0.0011641443538998836,0.0011641443538998836,0.0007760962359332557,0.0007760962359332557
ratio,0.24701195219123506,0.09721115537848606,0.06653386454183267,0.05936254980079681,0.062151394422310755,0.05976095617529881,0.04342629482071713,0.03904382470119522,0.034262948207171316,0.035856573705179286,0.023107569721115537,0.02111553784860558,0.02350597609561753,0.019123505976095617,0.016733067729083666,0.015139442231075698,0.015139442231075698,0.013545816733067729,0.011155378486055778,0.010358565737051793,0.009561752988047808,0.009561752988047808,0.01593625498007968,0.0099601593625498,0.008764940239043825,0.007171314741035857,0.0035856573705179283,0.00398406374501992,0.0031872509960159364,0.002390438247011952,0.00199203187250996,0.00199203187250996,0.00199203187250996,0.00199203187250996,0.0007968127490039841,0.0007968127490039841,0.001195219123505976,0.0007968127490039841,0.0007968127490039841
ratio,0.2302930251754024,0.09451093685513826,0.0709863805200165,0.061494015683037556,0.0610813041683863,0.06355757325629385,0.042509286009079654,0.037969459347915804,0.02765167148163434,0.02311184482047049,0.02311184482047049,0.021873710276516713,0.01692117210070161,0.01939744118860916,0.039207593891869584,0.01609574907139909,0.014444903012794058,0.03095336359884441,0.011555922410235245,0.011143210895583986,0.010730499380932727,0.00990507635163021,0.008666941807676434,0.010317787866281469,0.008254230293025175,0.007428807263722658,0.004127115146512587,0.003714403631861329,0.002888980602558811,0.002888980602558811,0.0016508460586050352,0.0020635575732562937,0.0024762690879075525,0.0024762690879075525,0.0012381345439537762,0.0008254230293025176,0.0008254230293025176,0.0008254230293025176,0.0008254230293025176
ratio,0.22420965058236272,0.08610648918469219,0.06572379367720466,0.06780366056572379,0.06031613976705491,0.06281198003327787,0.07029950083194675,0.040349417637271213,0.032029950083194675,0.023710482529118136,0.02329450915141431,0.021630615640599003,0.017054908485856904,0.018302828618968387,0.01788685524126456,0.017054908485856904,0.015806988352745424,0.012895174708818636,0.017054908485856904,0.010815307820299502,0.010399334442595673,0.010399334442595673,0.009983361064891847,0.011231281198003328,0.0074875207986688855,0.0074875207986688855,0.012479201331114808,0.004575707154742097,0.0037437603993344427,0.0024958402662229617,0.0029118136439267887,0.0020798668885191347,0.0020798668885191347,0.0020798668885191347,0.0012479201331114808,0.0016638935108153079,0.0008319467554076539,0.0008319467554076539,0.0008319467554076539
ratio,0.21216788602233347,0.09356950327300731,0.12244897959183673,0.05929919137466307,0.05775895263765884,0.05775895263765884,0.045051983057373894,0.05506353484790143,0.02464381979206777,0.023488640739314594,0.029649595687331536,0.019638043896804003,0.015787447054293417,0.016942626107046593,0.016557566422795534,0.015402387370042356,0.01732768579129765,0.011936850211782826,0.01078167115902965,0.01078167115902965,0.009626492106276472,0.008856372737774355,0.009241432422025414,0.009626492106276472,0.007701193685021178,0.006931074316519061,0.006931074316519061,0.003850596842510589,0.0034655371582595304,0.0023103581055063534,0.0030804774740084712,0.0023103581055063534,0.0023103581055063534,0.0023103581055063534,0.0015402387370042356,0.0015402387370042356,0.0007701193685021178,0.0007701193685021178,0.0007701193685021178
ratio,0.21634241245136188,0.0867704280155642,0.10077821011673152,0.05758754863813229,0.05992217898832685,0.05914396887159533,0.04708171206225681,0.047470817120622566,0.03618677042801557,0.02762645914396887,0.0245136186770428,0.02178988326848249,0.02178988326848249,0.019455252918287938,0.017120622568093387,0.017509727626459144,0.0178988326848249,0.018287937743190662,0.010894941634241245,0.011284046692607004,0.010894941634241245,0.010894941634241245,0.008171206225680934,0.010116731517509728,0.007392996108949416,0.007003891050583658,0.004280155642023347,0.003501945525291829,0.002723735408560311,0.0023346303501945525,0.0023346303501945525,0.0023346303501945525,0.0019455252918287938,0.0019455252918287938,0.0011673151750972762,0.0007782101167315176,0.0011673151750972762,0.0007782101167315176,0.0007782101167315176
ratio,0.23813387423935092,0.0896551724137931,0.058823529411764705,0.06125760649087221,0.06125760649087221,0.07221095334685598,0.04259634888438134,0.038539553752535496,0.03610547667342799,0.037322515212981744,0.023935091277890466,0.023529411764705882,0.023935091277890466,0.018255578093306288,0.018661257606490872,0.015821501014198783,0.018661257606490872,0.014198782961460446,0.012170385395537525,0.010547667342799188,0.010547667342799188,0.010141987829614604,0.008924949290060852,0.010141987829614604,0.008924949290060852,0.007302231237322515,0.005679513184584178,0.004056795131845842,0.0032454361054766734,0.002434077079107505,0.002028397565922921,0.002028397565922921,0.002028397565922921,0.002028397565922921,0.0012170385395537525,0.0008113590263691683,0.0012170385395537525,0.0008113590263691683,0.0008113590263691683
ratio,0.21941830624465355,0.0949529512403764,0.07827202737382379,0.06843455945252352,0.06330196749358426,0.06372968349016253,0.044054747647562016,0.03806672369546621,0.0290846877673225,0.02352437981180496,0.026090675791274595,0.021813515825491875,0.021813515825491875,0.02694610778443114,0.01924721984602224,0.018391787852865698,0.017964071856287425,0.013259195893926433,0.011976047904191617,0.011120615911035072,0.0106928999144568,0.009837467921300257,0.010265183917878529,0.010265183917878529,0.007698887938408896,0.007698887938408896,0.005560307955517536,0.008126603934987169,0.0029940119760479044,0.00213857998289136,0.0025662959794696323,0.0025662959794696323,0.001710863986313088,0.001710863986313088,0.0012831479897348161,0.000855431993156544,0.000855431993156544,0.000855431993156544,0.000855431993156544
ratio,0.24917081260364843,0.09286898839137644,0.06301824212271974,0.06301824212271974,0.06343283582089553,0.06301824212271974,0.04145936981757877,0.03731343283582089,0.03897180762852405,0.02902155887230514,0.026119402985074626,0.02155887230514096,0.016998341625207296,0.021144278606965175,0.018656716417910446,0.016998341625207296,0.01616915422885572,0.01285240464344942,0.012023217247097845,0.01077943615257048,0.010364842454394693,0.009950248756218905,0.011194029850746268,0.009535655058043118,0.008291873963515755,0.007462686567164179,0.004560530679933665,0.0041459369817578775,0.003316749585406302,0.0024875621890547263,0.0020729684908789387,0.0020729684908789387,0.0024875621890547263,0.0024875621890547263,0.0012437810945273632,0.0008291873963515755,0.0012437810945273632,0.0008291873963515755,0.0008291873963515755
ratio,0.22435078756917837,0.09323116219667944,0.08514261387824607,0.06343124733929331,0.06172839506172839,0.06215410813111963,0.04767986377181779,0.034908471690080885,0.032779906343124735,0.024265644955300127,0.025117071094082587,0.021285653469561516,0.017028522775649212,0.019582801191996593,0.018731375053214133,0.016602809706257982,0.018305661983822902,0.015751383567475522,0.011919965942954448,0.016177096636866752,0.011068539804171988,0.011068539804171988,0.010217113665389528,0.010217113665389528,0.008939974457215836,0.007662835249042145,0.005108556832694764,0.004257130693912303,0.0034057045551298426,0.002554278416347382,0.002554278416347382,0.002554278416347382,0.002554278416347382,0.002554278416347382,0.001277139208173691,0.001277139208173691,0.0008514261387824606,0.0008514261387824606,0.0008514261387824606
ratio,0.17916525279945708,0.08008143875127248,0.23108245673566338,0.05463182897862233,0.051238547675602306,0.05564981336952833,0.034611469290804206,0.03189684424838819,0.025110281642348152,0.021377672209026127,0.02680692229385816,0.01832371903630811,0.013912453342382083,0.015609093993892093,0.016287750254496098,0.01832371903630811,0.015269765863590091,0.01153715643026807,0.010519172039362062,0.009501187648456057,0.01017984390906006,0.01153715643026807,0.008822531387852052,0.008822531387852052,0.009161859518154056,0.006107906345436036,0.003053953172718018,0.0040719375636240245,0.0027146250424160165,0.0023752969121140144,0.0020359687818120122,0.0016966406515100101,0.0020359687818120122,0.0020359687818120122,0.0016966406515100101,0.0006786562606040041,0.0006786562606040041,0.0006786562606040041,0.0006786562606040041
ratio,0.22501028383381325,0.09584533113944879,0.06787330316742081,0.060057589469354175,0.06252570958453312,0.06622788975730153,0.04895104895104895,0.03661044837515426,0.03208556149732621,0.03661044837515426,0.024269847799259565,0.0213903743315508,0.024269847799259565,0.01809954751131222,0.01851090086384204,0.01563142739613328,0.01851090086384204,0.014808720691073632,0.0106951871657754,0.011517893870835048,0.009872480460715755,0.0106951871657754,0.013986013986013986,0.010283833813245578,0.00781571369806664,0.008227067050596462,0.004524886877828055,0.004113533525298231,0.0053475935828877,0.002879473467708762,0.0020567667626491155,0.0020567667626491155,0.0020567667626491155,0.0020567667626491155,0.0012340600575894694,0.0008227067050596463,0.0008227067050596463,0.0008227067050596463,0.0008227067050596463
ratio,0.21279317697228145,0.09040511727078891,0.07078891257995736,0.06439232409381664,0.06524520255863539,0.06950959488272922,0.06353944562899787,0.044349680170575695,0.029424307036247335,0.024307036247334754,0.026865671641791045,0.022174840085287847,0.017484008528784647,0.02046908315565032,0.019616204690831557,0.016631130063965886,0.018763326226012792,0.013646055437100213,0.011087420042643924,0.012366737739872069,0.010660980810234541,0.009381663113006396,0.01023454157782516,0.01023454157782516,0.008955223880597015,0.00767590618336887,0.005543710021321962,0.0042643923240938165,0.003411513859275053,0.0021321961620469083,0.0021321961620469083,0.0021321961620469083,0.0021321961620469083,0.0021321961620469083,0.001279317697228145,0.0008528784648187633,0.001279317697228145,0.0008528784648187633,0.0008528784648187633
ratio,0.24399494310998734,0.09397387273493468,0.05857564264643911,0.06447534766118837,0.061946902654867256,0.0632111251580278,0.05056890012642225,0.036241045090602615,0.03666245259165613,0.02781289506953224,0.02402022756005057,0.02064896755162242,0.020227560050568902,0.017699115044247787,0.02064896755162242,0.017277707543194267,0.017699115044247787,0.012642225031605562,0.011799410029498525,0.010956595027391488,0.011799410029498525,0.010113780025284451,0.011799410029498525,0.010113780025284451,0.008849557522123894,0.007585335018963337,0.0037926675094816687,0.004635482511588706,0.00337126000842815,0.0025284450063211127,0.0025284450063211127,0.002107037505267594,0.0025284450063211127,0.0025284450063211127,0.0008428150021070375,0.0008428150021070375,0.0012642225031605564,0.0008428150021070375,0.0008428150021070375
ratio,0.24879032258064515,0.0907258064516129,0.06935483870967742,0.062096774193548386,0.06290322580645161,0.06088709677419355,0.04798387096774193,0.035483870967741936,0.029838709677419355,0.03387096774193549,0.02338709677419355,0.029838709677419355,0.02258064516129032,0.018951612903225806,0.018145161290322582,0.01532258064516129,0.013306451612903225,0.013306451612903225,0.011693548387096775,0.010483870967741936,0.010887096774193548,0.008870967741935484,0.010483870967741936,0.010080645161290322,0.008064516129032258,0.0064516129032258064,0.0036290322580645163,0.004032258064516129,0.0032258064516129032,0.0024193548387096775,0.0016129032258064516,0.0024193548387096775,0.0020161290322580645,0.0020161290322580645,0.0016129032258064516,0.0008064516129032258,0.0008064516129032258,0.0008064516129032258,0.0008064516129032258
ratio,0.224,0.10189473684210526,0.08,0.064,0.06315789473684211,0.06021052631578947,0.05936842105263158,0.03621052631578947,0.02736842105263158,0.023578947368421053,0.023157894736842106,0.021473684210526315,0.018105263157894735,0.021894736842105262,0.01768421052631579,0.016421052631578947,0.015578947368421053,0.013473684210526317,0.012210526315789474,0.010947368421052631,0.01136842105263158,0.010526315789473684,0.010105263157894737,0.010526315789473684,0.007578947368421052,0.007578947368421052,0.0050526315789473685,0.0050526315789473685,0.003368421052631579,0.0025263157894736842,0.0025263157894736842,0.0025263157894736842,0.0025263157894736842,0.0025263157894736842,0.0012631578947368421,0.0012631578947368421,0.0012631578947368421,0.0008421052631578948,0.0008421052631578948
ratio,0.2342150170648464,0.10708191126279863,0.06399317406143344,0.06313993174061433,0.06228668941979522,0.06313993174061433,0.04479522184300341,0.037116040955631396,0.029436860068259386,0.023890784982935155,0.026023890784982934,0.02218430034129693,0.015784982935153583,0.02218430034129693,0.020051194539249147,0.016638225255972697,0.017918088737201365,0.014078498293515358,0.012372013651877133,0.011092150170648464,0.011092150170648464,0.010665529010238909,0.010238907849829351,0.010665529010238909,0.007679180887372013,0.007679180887372013,0.005546075085324232,0.008959044368600682,0.0038395904436860067,0.002559726962457338,0.002559726962457338,0.0021331058020477816,0.0017064846416382253,0.0017064846416382253,0.001279863481228669,0.001279863481228669,0.001279863481228669,0.0008532423208191126,0.0008532423208191126
ratio,0.23675762439807382,0.09069020866773676,0.05457463884430177,0.0666131621187801,0.060995184590690206,0.06420545746388442,0.05377207062600321,0.03691813804173355,0.04012841091492777,0.034911717495987156,0.02247191011235955,0.02086677367576244,0.024879614767255216,0.018057784911717497,0.016452648475120384,0.015248796147672551,0.014847512038523275,0.014044943820224719,0.011637239165329053,0.011235955056179775,0.010032102728731942,0.010032102728731942,0.009229534510433388,0.010032102728731942,0.0072231139646869984,0.0072231139646869984,0.012038523274478331,0.004414125200642055,0.0032102728731942215,0.002407704654895666,0.002407704654895666,0.002407704654895666,0.002407704654895666,0.002407704654895666,0.001203852327447833,0.0016051364365971107,0.0008025682182985554,0.0008025682182985554,0.0008025682182985554
ratio,0.24140930839495434,0.09482383645063071,0.0674206176598521,0.06350587211831231,0.06524575902566333,0.0665506742061766,0.05176163549369291,0.02957807742496738,0.0313179643323184,0.02566333188342758,0.02435841670291431,0.022618529795563287,0.018703784254023487,0.021313614615050023,0.01826881252718573,0.017398869073510223,0.01478903871248369,0.013049151805132666,0.012179208351457155,0.0117442366246194,0.01087429317094389,0.010004349717268378,0.01087429317094389,0.010439321444106133,0.008264462809917356,0.0078294910830796,0.005219660722053067,0.004349717268377556,0.0039147455415398,0.0026098303610265334,0.002174858634188778,0.002174858634188778,0.002174858634188778,0.002174858634188778,0.0017398869073510222,0.0008699434536755111,0.0008699434536755111,0.0008699434536755111,0.0008699434536755111
ratio,0.24331210191082803,0.09214437367303609,0.08492569002123142,0.06454352441613588,0.06284501061571125,0.06326963906581741,0.044585987261146494,0.035668789808917196,0.029723991507430998,0.02335456475583864,0.024203821656050957,0.02165605095541401,0.018259023354564755,0.01910828025477707,0.016985138004246284,0.01613588110403397,0.019957537154989383,0.013588110403397028,0.011040339702760084,0.011464968152866241,0.01019108280254777,0.008917197452229299,0.01019108280254777,0.01019108280254777,0.008492569002123142,0.007643312101910828,0.003821656050955414,0.004670912951167728,0.0029723991507431,0.0025477707006369425,0.0025477707006369425,0.0021231422505307855,0.0016985138004246285,0.0016985138004246285,0.0016985138004246285,0.0012738853503184713,0.0008492569002123143,0.0008492569002123143,0.0008492569002123143
ratio,0.24101479915433405,0.0879492600422833,0.06511627906976744,0.06976744186046512,0.06215644820295983,0.06300211416490487,0.0507399577167019,0.03805496828752643,0.035940803382663845,0.024101479915433405,0.023255813953488372,0.02241014799154334,0.01818181818181818,0.021987315010570826,0.01818181818181818,0.01522198731501057,0.01522198731501057,0.013953488372093023,0.011839323467230444,0.01226215644820296,0.011839323467230444,0.011416490486257928,0.009725158562367865,0.009725158562367865,0.011839323467230444,0.007610993657505285,0.0033826638477801266,0.004228329809725159,0.0033826638477801266,0.002536997885835095,0.002536997885835095,0.0021141649048625794,0.0021141649048625794,0.0021141649048625794,0.0012684989429175475,0.0012684989429175475,0.0008456659619450317,0.0008456659619450317,0.0008456659619450317
ratio,0.24194223524487232,0.09292591042277103,0.06153202176642947,0.05985768103809125,0.06864796986186689,0.06362494767685224,0.0447886144830473,0.03683549602344077,0.03516115529510255,0.039347007115948095,0.022185014650481373,0.021347844286312263,0.023022185014650483,0.019673503557974047,0.018417748011720386,0.016324822101297615,0.014650481372959398,0.015487651737128506,0.012138970280452072,0.011301799916282964,0.010046044370029301,0.009627459187944746,0.010046044370029301,0.010046044370029301,0.00795311845960653,0.006697362913352867,0.004185851820845542,0.004185851820845542,0.0033486814566764337,0.0025115110925073253,0.002092925910422771,0.0025115110925073253,0.0012557555462536626,0.0012557555462536626,0.0012557555462536626,0.0008371703641691084,0.0012557555462536626,0.0008371703641691084,0.0008371703641691084
ratio,0.22937710437710437,0.08627946127946128,0.07154882154882154,0.06355218855218855,0.06060606060606061,0.06271043771043772,0.046296296296296294,0.040824915824915826,0.02904040404040404,0.029461279461279462,0.023989898989898988,0.021464646464646464,0.017255892255892257,0.01936026936026936,0.018518518518518517,0.017676767676767676,0.023989898989898988,0.013047138047138047,0.012205387205387205,0.010942760942760943,0.011363636363636364,0.011363636363636364,0.01978114478114478,0.010521885521885523,0.007575757575757576,0.007575757575757576,0.007154882154882155,0.004629629629629629,0.002946127946127946,0.0021043771043771043,0.0025252525252525255,0.0025252525252525255,0.0025252525252525255,0.0025252525252525255,0.0021043771043771043,0.0012626262626262627,0.0016835016835016834,0.0008417508417508417,0.0008417508417508417
ratio,0.2272552783109405,0.09712092130518234,0.05143953934740883,0.07063339731285989,0.0671785028790787,0.06986564299424185,0.04836852207293666,0.03262955854126679,0.02495201535508637,0.021880998080614205,0.022648752399232246,0.028790786948176585,0.015738963531669866,0.028790786948176585,0.021497120921305183,0.021497120921305183,0.015355086372360844,0.01381957773512476,0.013051823416506719,0.01381957773512476,0.012284069097888676,0.014587332053742802,0.011132437619961612,0.011516314779270634,0.008445297504798464,0.00690978886756238,0.004606525911708253,0.004222648752399232,0.004222648752399232,0.002687140115163148,0.0019193857965451055,0.0023032629558541267,0.0023032629558541267,0.0023032629558541267,0.0011516314779270633,0.0007677543186180423,0.0007677543186180423,0.0007677543186180423,0.0007677543186180423
ratio,0.2217339192968438,0.09468637634838194,0.06272473032361167,0.06152616859768278,0.05952856572113464,0.0659208949260887,0.05633240111865761,0.047542948461845785,0.02996404314822213,0.025169796244506593,0.032361166600079906,0.02357171394326808,0.017179384738314023,0.019576508190171794,0.02037554934079105,0.01997602876548142,0.019576508190171794,0.01278465840990811,0.011586096683979225,0.011186576108669596,0.009588493807431082,0.009588493807431082,0.01278465840990811,0.009188973232121454,0.008389932081502197,0.007191370355573312,0.003995205753096284,0.005593288054334798,0.004794246903715541,0.0023971234518577705,0.0023971234518577705,0.001997602876548142,0.001997602876548142,0.001997602876548142,0.0011985617259288853,0.0007990411506192569,0.0011985617259288853,0.0007990411506192569,0.0007990411506192569
ratio,0.22152148206543162,0.09617658651951123,0.06148994875837603,0.059124950729207724,0.06148994875837603,0.057154119038234134,0.06267244777296019,0.04099329917225069,0.032715806070161606,0.028774142688214426,0.031139140717382736,0.020496649586125345,0.02128498226251478,0.018131651556957035,0.0216791486007095,0.02128498226251478,0.018525817895151755,0.015372487189594008,0.010248324793062672,0.010248324793062672,0.010248324793062672,0.009065825778478517,0.009854158454867954,0.009459992116673236,0.011430823807646828,0.007094994087504927,0.0043358297201418995,0.008277493102089082,0.002364998029168309,0.002364998029168309,0.002364998029168309,0.0027591643673630273,0.002364998029168309,0.002364998029168309,0.0015766653527788726,0.0007883326763894363,0.0011824990145841545,0.0007883326763894363,0.0007883326763894363
ratio,0.2121524201853759,0.09886714727085479,0.06762787504291108,0.06350841057329214,0.06556814280810161,0.05629934775145898,0.05286646069344319,0.04153793340199107,0.028836251287332648,0.02334363199450738,0.03398558187435633,0.024716786817713696,0.01682114658427738,0.021970477171301066,0.01888087881908685,0.021970477171301066,0.014761414349467903,0.014074836937864744,0.012015104703055269,0.018194301407483692,0.010641949879848954,0.012358393408856848,0.010298661174047374,0.010298661174047374,0.012358393408856848,0.006179196704428424,0.006179196704428424,0.005149330587023687,0.004119464469618949,0.002403020940611054,0.0020597322348094747,0.0027463096464126332,0.0017164435290078957,0.0017164435290078957,0.0010298661174047373,0.0006865774116031583,0.0006865774116031583,0.0006865774116031583,0.0006865774116031583
ratio,0.21392649903288202,0.0851063829787234,0.08471953578336557,0.05841392649903288,0.07234042553191489,0.05647969052224371,0.047969052224371374,0.039845261121856865,0.035203094777562866,0.05029013539651837,0.023597678916827854,0.02011605415860735,0.02127659574468085,0.01702127659574468,0.01702127659574468,0.025145067698259187,0.016634429400386848,0.014313346228239845,0.010831721470019342,0.010058027079303675,0.010444874274661509,0.009671179883945842,0.008897485493230174,0.008897485493230174,0.007350096711798839,0.006963249516441006,0.0038684719535783366,0.0038684719535783366,0.0038684719535783366,0.0023210831721470018,0.0027079303675048355,0.0019342359767891683,0.0019342359767891683,0.0019342359767891683,0.0015473887814313346,0.0011605415860735009,0.0007736943907156673,0.0007736943907156673,0.0007736943907156673
ratio,0.2133051742344245,0.10242872228088701,0.07110172474480816,0.07356564589933122,0.06969376979936642,0.06476592749032031,0.047166490672298486,0.03695881731784583,0.023583245336149243,0.019711369236184443,0.021823301654347062,0.028511087645195353,0.014079549454417459,0.025343189017951427,0.020415346708905314,0.017599436818021823,0.019711369236184443,0.012671594508975714,0.014079549454417459,0.013375571981696586,0.012319605772615276,0.014431538190777896,0.011615628299894404,0.011615628299894404,0.007039774727208729,0.006335797254487857,0.0045758535726856744,0.004223864836325237,0.0045758535726856744,0.0035198873636043647,0.0017599436818021823,0.0017599436818021823,0.0014079549454417458,0.0014079549454417458,0.0010559662090813093,0.00035198873636043646,0.0007039774727208729,0.0007039774727208729,0.0007039774727208729
ratio,0.24157080523601746,0.09083696945656486,0.06307021023403411,0.06188020626735422,0.059896866322887744,0.064260214200714,0.055533518445061485,0.04006346687822293,0.03451011503371678,0.0317334391114637,0.02459341531138437,0.0218167393891313,0.023403411344704483,0.017850059500198336,0.01824672748909163,0.01507338357794526,0.017850059500198336,0.013883379611265371,0.011106703689012296,0.010710035700119,0.010313367711225704,0.009123363744545815,0.009123363744545815,0.009916699722332408,0.008330027766759222,0.007140023800079333,0.00436334787782626,0.003966679888932963,0.002776675922253074,0.0031733439111463705,0.0019833399444664813,0.0019833399444664813,0.002380007933359778,0.002380007933359778,0.001190003966679889,0.001190003966679889,0.001190003966679889,0.0007933359777865926,0.0007933359777865926
ratio,0.22422258592471359,0.09410801963993454,0.08469721767594109,0.07528641571194762,0.0630114566284779,0.06137479541734861,0.047872340425531915,0.030687397708674305,0.027823240589198037,0.022913256955810146,0.02414075286415712,0.02127659574468085,0.02495908346972177,0.01718494271685761,0.020458265139116204,0.01800327332242226,0.014729950900163666,0.012274959083469721,0.011865793780687398,0.010638297872340425,0.010229132569558102,0.015957446808510637,0.009410801963993453,0.009410801963993453,0.007774140752864157,0.007364975450081833,0.005319148936170213,0.0036824877250409165,0.005319148936170213,0.0028641571194762683,0.0024549918166939444,0.0024549918166939444,0.0020458265139116204,0.0020458265139116204,0.0020458265139116204,0.0012274959083469722,0.0012274959083469722,0.0008183306055646482,0.0008183306055646482
ratio,0.2314480545527477,0.08945046129161653,0.07099879663056559,0.06257521058965103,0.06257521058965103,0.05976734857601283,0.04973926995587646,0.041716807059767345,0.03650220617729643,0.036903329322101885,0.024468511833132773,0.02045728038507822,0.0188527878058564,0.01764941837144003,0.021660649819494584,0.018050541516245487,0.01764941837144003,0.015643802647412757,0.011632571199358203,0.010028078620136383,0.010830324909747292,0.009626955475330927,0.009225832330525471,0.009626955475330927,0.00842358604091456,0.007220216606498195,0.0036101083032490976,0.004011231448054553,0.002807862013638187,0.0024067388688327317,0.0024067388688327317,0.0020056157240272766,0.0024067388688327317,0.0024067388688327317,0.001604492579221821,0.0008022462896109105,0.0012033694344163659,0.0008022462896109105,0.0008022462896109105
ratio,0.23928722952906237,0.08909630886720407,0.06364022061943148,0.061094611794654224,0.07000424268137463,0.060670343657191345,0.06194314806957998,0.03988120492151039,0.026304624522698345,0.024183283835383963,0.027153160797624098,0.025031820110309716,0.017819261773440814,0.01824352991090369,0.01824352991090369,0.01697072549851506,0.015273652948663556,0.015697921086126432,0.01230377598642342,0.011455239711497667,0.01103097157403479,0.010182435299109036,0.009333899024183284,0.010182435299109036,0.00848536274925753,0.007636826474331778,0.004242681374628765,0.003818413237165889,0.002969876962240136,0.0021213406873143827,0.002545608824777259,0.0021213406873143827,0.002969876962240136,0.002969876962240136,0.0012728044123886295,0.0012728044123886295,0.0008485362749257531,0.0008485362749257531,0.0008485362749257531
ratio,0.2323972323972324,0.09035409035409035,0.06227106227106227,0.05942205942205942,0.06593406593406594,0.06145706145706146,0.04599104599104599,0.03785103785103785,0.03378103378103378,0.03093203093203093,0.03378103378103378,0.02035002035002035,0.020757020757020756,0.01912901912901913,0.01790801790801791,0.02197802197802198,0.019943019943019943,0.013431013431013432,0.01098901098901099,0.01098901098901099,0.010175010175010175,0.008954008954008955,0.009768009768009768,0.010175010175010175,0.011396011396011397,0.007326007326007326,0.006512006512006512,0.006105006105006105,0.003256003256003256,0.002035002035002035,0.002442002442002442,0.002849002849002849,0.002035002035002035,0.002035002035002035,0.001628001628001628,0.000814000814000814,0.001221001221001221,0.000814000814000814,0.000814000814000814
ratio,0.22771130837514472,0.09301428020069472,0.06252412196063296,0.061752219220378234,0.06252412196063296,0.05866460825935932,0.06136626785025087,0.03898108838286376,0.030876109610189117,0.028174450019297567,0.03126206098031648,0.020841373986877652,0.027788498649170205,0.018911617136240833,0.01659590891547665,0.020841373986877652,0.01736781165573138,0.014280200694712466,0.010806638363566191,0.010420686993438826,0.010420686993438826,0.009262832883056734,0.008490930142802007,0.0096487842531841,0.010806638363566191,0.006947124662292551,0.004631416441528367,0.005403319181783096,0.002701659590891548,0.0023157082207641835,0.002701659590891548,0.002701659590891548,0.0019297568506368198,0.0019297568506368198,0.0015438054805094559,0.0011578541103820917,0.0011578541103820917,0.0007719027402547279,0.0007719027402547279
ratio,0.20532034469838892,0.086174597227426,0.0947920569501686,0.055076807793180964,0.06706631697264893,0.05732484076433121,0.056575496440614464,0.03521918321468715,0.04571000374672162,0.03634319970026227,0.021730985387785687,0.021356313225927313,0.030348445110528286,0.016860247283626825,0.018733608092918696,0.01611090295991008,0.01611090295991008,0.01798426376920195,0.01049082053203447,0.010116148370176097,0.009741476208317721,0.008617459722742601,0.01049082053203447,0.008992131884600974,0.007118771075309105,0.0067440989134507304,0.004496065942300487,0.003746721618583739,0.0029973772948669914,0.0022480329711502436,0.0029973772948669914,0.0022480329711502436,0.0018733608092918695,0.0018733608092918695,0.0022480329711502436,0.0014986886474334957,0.0011240164855751218,0.0007493443237167478,0.0007493443237167478
ratio,0.24009603841536614,0.0896358543417367,0.06202480992396959,0.061224489795918366,0.06722689075630252,0.06082432973189276,0.044017607042817125,0.040016006402561026,0.03441376550620248,0.03601440576230492,0.024009603841536616,0.02040816326530612,0.023209283713485393,0.018807523009203683,0.01800720288115246,0.015606242496998799,0.01520608243297319,0.013205282112845138,0.010404161664665866,0.010804321728691477,0.010004001600640256,0.012805122048819529,0.010004001600640256,0.009603841536614645,0.010004001600640256,0.007202881152460984,0.013205282112845138,0.004001600640256103,0.003201280512204882,0.0024009603841536613,0.0020008003201280513,0.0020008003201280513,0.0020008003201280513,0.0020008003201280513,0.0012004801920768306,0.0008003201280512205,0.0008003201280512205,0.0008003201280512205,0.0008003201280512205
ratio,0.2493927125506073,0.08785425101214575,0.058299595141700404,0.06032388663967611,0.05910931174089069,0.06315789473684211,0.04979757085020243,0.038866396761133605,0.03684210526315789,0.029554655870445343,0.025910931174089068,0.020647773279352227,0.022267206477732792,0.018218623481781375,0.017813765182186234,0.015789473684210527,0.014979757085020242,0.01659919028340081,0.020242914979757085,0.010526315789473684,0.010121457489878543,0.010121457489878543,0.008502024291497975,0.010121457489878543,0.008906882591093117,0.0072874493927125505,0.004048582995951417,0.004858299595141701,0.0032388663967611335,0.0024291497975708503,0.0020242914979757085,0.0024291497975708503,0.0024291497975708503,0.0024291497975708503,0.0012145748987854252,0.0008097165991902834,0.0012145748987854252,0.0008097165991902834,0.0008097165991902834
ratio,0.22532362459546926,0.09021035598705501,0.06553398058252427,0.05946601941747573,0.060275080906148866,0.05906148867313916,0.07766990291262135,0.0412621359223301,0.03559870550161812,0.031957928802589,0.022249190938511326,0.024271844660194174,0.023867313915857606,0.017394822006472493,0.016585760517799353,0.01820388349514563,0.013349514563106795,0.013754045307443365,0.011326860841423949,0.010517799352750809,0.010517799352750809,0.009708737864077669,0.010113268608414239,0.009708737864077669,0.007281553398058253,0.007281553398058253,0.0048543689320388345,0.0040453074433656954,0.0036407766990291263,0.0024271844660194173,0.0024271844660194173,0.0020226537216828477,0.0016181229773462784,0.0016181229773462784,0.0016181229773462784,0.0008090614886731392,0.0008090614886731392,0.0008090614886731392,0.0008090614886731392
ratio,0.2383483237939493,0.09239574816026165,0.06541291905151267,0.0633687653311529,0.06009811937857727,0.059689288634505316,0.04456255110384301,0.040474243663123466,0.03434178250204415,0.03107113654946852,0.024938675388389207,0.021668029435813575,0.024529844644317254,0.01839738348323794,0.01839738348323794,0.015944399018806215,0.01553556827473426,0.013900245298446443,0.011447260834014717,0.01062959934587081,0.010220768601798855,0.009403107113654947,0.008994276369582993,0.009811937857726901,0.008176614881439084,0.007358953393295176,0.014717906786590351,0.004088307440719542,0.003679476696647588,0.0024529844644317253,0.002044153720359771,0.0024529844644317253,0.0024529844644317253,0.0024529844644317253,0.0028618152085036794,0.0012264922322158627,0.0008176614881439084,0.0008176614881439084,0.0008176614881439084
ratio,0.22305451518934666,0.09363295880149813,0.07906783187682064,0.06783187682064086,0.06034124011652101,0.06117353308364544,0.04744069912609238,0.04203079483978361,0.027049521431543905,0.03245942571785269,0.027049521431543905,0.021639617145235122,0.016229712858926344,0.01914273824386184,0.019975031210986267,0.0178942987931752,0.01581356637536413,0.016645859342488557,0.011652101539741989,0.010819808572617561,0.010403662089055347,0.009987515605493134,0.009155222638368706,0.01373283395755306,0.009155222638368706,0.00749063670411985,0.004577611319184353,0.004577611319184353,0.0033291718684977114,0.0024968789013732834,0.0024968789013732834,0.0020807324178110697,0.0020807324178110697,0.0020807324178110697,0.0012484394506866417,0.0016645859342488557,0.0008322929671244278,0.0008322929671244278,0.0008322929671244278
ratio,0.22705839680812478,0.08306129851287632,0.09756982227058397,0.05948494740660138,0.05513239027928908,0.06129851287631483,0.03735944867609721,0.0377221617700399,0.034095030830612987,0.031193326079071455,0.03191875226695684,0.020311933260790716,0.022488211824446862,0.017772941603191875,0.018135654697134566,0.015596663039535727,0.014871236851650345,0.014508523757707652,0.011969532100108813,0.01994922016684802,0.011244105912223431,0.009793253536452665,0.009793253536452665,0.01088139281828074,0.01088139281828074,0.006528835690968444,0.004715270221254987,0.004715270221254987,0.003989844033369605,0.0029017047515415306,0.003264417845484222,0.0025389916575988395,0.0014508523757707653,0.0014508523757707653,0.001088139281828074,0.001088139281828074,0.0007254261878853826,0.0007254261878853826,0.0007254261878853826
ratio,0.2433234421364985,0.09283594743535396,0.0771513353115727,0.06570580754557016,0.06061890631623569,0.06316235693090293,0.05892327257312421,0.03052140737600678,0.02840186519711742,0.024162780839338704,0.02331496396778296,0.020771513353115726,0.01695633743111488,0.018228062738448497,0.018651971174226366,0.01738024586689275,0.016108520559559136,0.01314116150911403,0.011869436201780416,0.011021619330224672,0.011021619330224672,0.009749894022891056,0.010173802458668928,0.0105977108944468,0.00847816871555744,0.007630351844001695,0.005086901229334464,0.00423908435777872,0.0038151759220008477,0.002543450614667232,0.00211954217888936,0.00211954217888936,0.002543450614667232,0.002543450614667232,0.001271725307333616,0.000847816871555744,0.001271725307333616,0.000847816871555744,0.000847816871555744
ratio,0.2171525137304605,0.09125475285171103,0.08914237431347698,0.0697084917617237,0.060414026193493876,0.06252640473172792,0.0452049007182087,0.03886776510350655,0.02703844528939586,0.02788339670468948,0.029573299535276723,0.02703844528939586,0.017321504013519222,0.019433882551753275,0.018588931136459652,0.018166455428812844,0.01605407689057879,0.014786649767638362,0.0122517955217575,0.011406844106463879,0.010139416983523447,0.009716941275876637,0.010561892691170258,0.010139416983523447,0.008027038445289396,0.0076045627376425855,0.004224757076468103,0.005069708491761723,0.0033798056611744824,0.002957329953527672,0.0033798056611744824,0.0021123785382340513,0.0016899028305872412,0.0016899028305872412,0.0012674271229404308,0.0016899028305872412,0.0008449514152936206,0.0008449514152936206,0.0008449514152936206
ratio,0.23408799658265697,0.10892780862879112,0.06193934216146946,0.06193934216146946,0.06236651003844511,0.06450234942332336,0.05339598462195643,0.04527979495941905,0.02691157624946604,0.02349423323366083,0.022639897479709525,0.022639897479709525,0.016659547202050404,0.021358393848782572,0.01836821870995301,0.016232379325074753,0.015805211448099103,0.014096539940196497,0.01196070055531824,0.011106364801366937,0.010679196924391286,0.009397693293464331,0.010252029047415635,0.009824861170439982,0.010679196924391286,0.006834686031610423,0.004698846646732166,0.004271678769756515,0.003844510892780863,0.0025630072618539087,0.0025630072618539087,0.0021358393848782574,0.0017086715079026058,0.0017086715079026058,0.0012815036309269544,0.0012815036309269544,0.0008543357539513029,0.0008543357539513029,0.0008543357539513029
ratio,0.23273026315789475,0.09416118421052631,0.052220394736842105,0.05879934210526316,0.06126644736842105,0.0678453947368421,0.05838815789473684,0.04070723684210526,0.041529605263157895,0.026726973684210526,0.025904605263157895,0.020148026315789474,0.02425986842105263,0.019325657894736843,0.01850328947368421,0.020148026315789474,0.015625,0.013980263157894737,0.011513157894736841,0.011101973684210526,0.011101973684210526,0.010279605263157895,0.009046052631578948,0.009868421052631578,0.009457236842105263,0.007401315789473684,0.004523026315789474,0.003700657894736842,0.003289473684210526,0.0024671052631578946,0.002055921052631579,0.0028782894736842104,0.002055921052631579,0.002055921052631579,0.0012335526315789473,0.0008223684210526315,0.0012335526315789473,0.0008223684210526315,0.0008223684210526315
ratio,0.2336980306345733,0.09277899343544858,0.06301969365426696,0.06433260393873086,0.05951859956236324,0.06520787746170678,0.05645514223194748,0.045951859956236324,0.031072210065645513,0.02450765864332604,0.025820568927789934,0.022319474835886213,0.017067833698030634,0.019693654266958426,0.020568927789934355,0.018380743982494528,0.015317286652078774,0.01312910284463895,0.012691466083150985,0.011378555798687089,0.01050328227571116,0.010065645514223195,0.009190371991247264,0.010940919037199124,0.00787746170678337,0.00787746170678337,0.00437636761487965,0.004814004376367615,0.00350109409190372,0.00262582056892779,0.00262582056892779,0.002188183807439825,0.002188183807439825,0.002188183807439825,0.00175054704595186,0.001312910284463895,0.001312910284463895,0.00087527352297593,0.00087527352297593
ratio,0.23512154233025984,0.0884325230511316,0.0699916177703269,0.05993294216261526,0.06454316848281642,0.06454316848281642,0.04526404023470243,0.039815590947191955,0.038139145012573344,0.038977367979882646,0.024308466051969825,0.020117351215423303,0.01802179379715004,0.01802179379715004,0.018860016764459347,0.015088013411567477,0.020955574182732608,0.016345347862531435,0.01173512154233026,0.010896898575020955,0.010058675607711651,0.009639564124056999,0.009220452640402346,0.008801341156747695,0.007124895222129086,0.0075440067057837385,0.004191114836546521,0.004191114836546521,0.003352891869237217,0.002514668901927913,0.002514668901927913,0.0020955574182732607,0.0020955574182732607,0.0020955574182732607,0.0016764459346186086,0.0012573344509639564,0.0008382229673093043,0.0008382229673093043,0.0008382229673093043
